A...,A..(,A.(.,A.((,A(..,A(.(,A((.,A(((,G...,G..(,G.(.,G.((,G(..,G(.(,G((.,G(((,C...,C..(,C.(.,C.((,C(..,C(.(,C((.,C(((,U...,U..(,U.(.,U.((,U(..,U(.(,U((.,U(((,Len,A,C,G,U,G+C,A+U,AA,AC,AG,AU,CA,CC,CG,CU,GA,GC,GG,GU,UA,UC,UG,UU,%A,%C,%G,%U,%G+C,%A+U,%AA,%AC,%AG,%AU,%CA,%CC,%CG,%CU,%GA,%GC,%GG,%GU,%UA,%UC,%UG,%UU,pb,Npb,mfe,dG,Q,NQ,D,ND,nstem,MFE1,MFE2,MFE3,MFE4,total_base,n_stems,avg_bp
0.0073529412,0.0073529412,0.0000000000,0.0294117647,0.0073529412,0.0147058824,0.0441176471,0.1102941176,0.0294117647,0.0073529412,0.0073529412,0.0441176471,0.0147058824,0.0220588235,0.0294117647,0.1250000000,0.0000000000,0.0147058824,0.0000000000,0.0000000000,0.0147058824,0.0147058824,0.0073529412,0.1250000000,0.0367647059,0.0220588235,0.0000000000,0.0441176471,0.0147058824,0.0073529412,0.0367647059,0.1617647059,190.0000000000,48.0000000000,30.0000000000,53.0000000000,59.0000000000,83.0000000000,107.0000000000,13.0000000000,2.0000000000,17.0000000000,16.0000000000,8.0000000000,6.0000000000,8.0000000000,7.0000000000,12.0000000000,7.0000000000,13.0000000000,21.0000000000,15.0000000000,15.0000000000,14.0000000000,15.0000000000,25.2600000000,15.7900000000,27.8900000000,31.0500000000,43.6800000000,56.3200000000,6.8800000000,1.0600000000,8.9900000000,8.4700000000,4.2300000000,3.1700000000,4.2300000000,3.7000000000,6.3500000000,3.7000000000,6.8800000000,11.1100000000,7.9400000000,7.9400000000,7.4100000000,7.9400000000,70.0000000000,0.3684000000,58.4000000000,0.3074000000,35.3200000000,0.1859000000,12.1300000000,0.0639000000,190.0000000000,0.0070375458,0.0236461538,0.1537000000,0.0043914286,70.0000000000,13.0000000000,5.3846153846
