,TN,FP,FN,TP,acc,SP,SN,MCC,p,F1
RF,375,160,15,449,0.8248248248248248,0.7009345794392523,0.9676724137931034,0.7033110857061281,0.7372742200328407,0.8369058713886299
SVM,506,29,49,415,0.9219219219219219,0.9457943925233645,0.8943965517241379,0.8547787610567171,0.9346846846846847,0.9140969162995594
